{"number of nodes": 1000, "average degree": 254.725, "second momment of degree distribution": 199.714, "average shortest path lenght": 2.991165165165165, "average clustering coefficient": 0.03618023431406968, "transitivity": 0.028740962458632828, "assortativity coefficient": -0.0448172251694147}