{"number of nodes": 1000, "average degree": 254.793, "second momment of degree distribution": 111.046, "average shortest path lenght": 3.2454954954954953, "average clustering coefficient": 0.009798328383003312, "transitivity": 0.009805863708399367, "assortativity coefficient": -0.0008732892604626747}