{"number of nodes": 1000, "average degree": 254.75, "second momment of degree distribution": 100.936, "average shortest path lenght": 4.443057057057057, "average clustering coefficient": 0.4905756909756911, "transitivity": 0.4823172340987068, "assortativity coefficient": -0.03306607779736448}