{"number of nodes": 1000, "average degree": 254.725, "second momment of degree distribution": 216.722, "average shortest path lenght": 2.959037037037037, "average clustering coefficient": 0.04389451760860205, "transitivity": 0.03249956473797226, "assortativity coefficient": -0.05046303141650764}