{"number of nodes": 1000, "average degree": 254.808, "second momment of degree distribution": 112.47000000000001, "average shortest path lenght": 3.238810810810811, "average clustering coefficient": 0.010169421660211146, "transitivity": 0.009965414150888094, "assortativity coefficient": -0.011046945606203592}