{"number of nodes": 1000, "average degree": 254.75, "second momment of degree distribution": 100.96999999999998, "average shortest path lenght": 4.422688688688688, "average clustering coefficient": 0.4881649128649126, "transitivity": 0.47890513356051445, "assortativity coefficient": -0.01770120557987085}