{"number of nodes": 1000, "average degree": 254.725, "second momment of degree distribution": 196.992, "average shortest path lenght": 2.995593593593594, "average clustering coefficient": 0.04059278776769158, "transitivity": 0.02854973749211407, "assortativity coefficient": -0.06363701899561298}