{"number of nodes": 1000, "average degree": 254.799, "second momment of degree distribution": 112.048, "average shortest path lenght": 3.245881881881882, "average clustering coefficient": 0.010072812378539938, "transitivity": 0.009946051986267778, "assortativity coefficient": 0.024425441282950586}