{"number of nodes": 1000, "average degree": 254.75, "second momment of degree distribution": 100.922, "average shortest path lenght": 4.4418098098098096, "average clustering coefficient": 0.49253988788988756, "transitivity": 0.48377730362288557, "assortativity coefficient": 0.0007663714170012835}