{"number of nodes": 1000, "average degree": 254.725, "second momment of degree distribution": 202.324, "average shortest path lenght": 2.9853993993993995, "average clustering coefficient": 0.03877747723634675, "transitivity": 0.02860053853431337, "assortativity coefficient": -0.05496063002126443}