{"number of nodes": 1000, "average degree": 254.752, "second momment of degree distribution": 110.378, "average shortest path lenght": 3.2504744744744745, "average clustering coefficient": 0.009747413224890006, "transitivity": 0.00890668898320282, "assortativity coefficient": -0.03990973489091618}