{"number of nodes": 1000, "average degree": 254.75, "second momment of degree distribution": 100.77799999999998, "average shortest path lenght": 4.528284284284284, "average clustering coefficient": 0.504079037629038, "transitivity": 0.49677234572253187, "assortativity coefficient": -0.009388216507079414}