{"number of nodes": 1000, "average degree": 254.725, "second momment of degree distribution": 203.514, "average shortest path lenght": 2.9743603603603606, "average clustering coefficient": 0.04029354962035364, "transitivity": 0.029323634560145483, "assortativity coefficient": -0.06850379214031206}