{"number of nodes": 1000, "average degree": 254.839, "second momment of degree distribution": 112.924, "average shortest path lenght": 3.2330610610610613, "average clustering coefficient": 0.010255681616285336, "transitivity": 0.010219375936776128, "assortativity coefficient": -0.007214716295961623}