{"number of nodes": 1000, "average degree": 254.75, "second momment of degree distribution": 101.036, "average shortest path lenght": 4.3858678678678675, "average clustering coefficient": 0.47844295149295196, "transitivity": 0.4690012742211872, "assortativity coefficient": -0.0037101049760256267}