{"number of nodes": 1000, "average degree": 254.725, "second momment of degree distribution": 208.052, "average shortest path lenght": 2.972946946946947, "average clustering coefficient": 0.04269389993279554, "transitivity": 0.03140806251325075, "assortativity coefficient": -0.05859879624553248}