{"number of nodes": 1000, "average degree": 254.776, "second momment of degree distribution": 110.584, "average shortest path lenght": 3.24812012012012, "average clustering coefficient": 0.010867930699294278, "transitivity": 0.010444435602594199, "assortativity coefficient": -0.02327998449737665}