{"number of nodes": 1000, "average degree": 254.75, "second momment of degree distribution": 100.932, "average shortest path lenght": 4.404294294294294, "average clustering coefficient": 0.4847495615495621, "transitivity": 0.47699379756301413, "assortativity coefficient": -0.009209021469201478}