{"number of nodes": 1000, "average degree": 254.725, "second momment of degree distribution": 202.632, "average shortest path lenght": 2.97991991991992, "average clustering coefficient": 0.039254493938040196, "transitivity": 0.030142929801434487, "assortativity coefficient": -0.051782214128194184}