{"number of nodes": 1000, "average degree": 254.699, "second momment of degree distribution": 107.82000000000002, "average shortest path lenght": 3.2673233233233234, "average clustering coefficient": 0.010556718092708802, "transitivity": 0.010232634137374646, "assortativity coefficient": 0.0034413431473320822}