{"number of nodes": 1000, "average degree": 254.75, "second momment of degree distribution": 100.102, "average shortest path lenght": 8.444188188188189, "average clustering coefficient": 0.6464913419913391, "transitivity": 0.6453352866751015, "assortativity coefficient": -0.012873563763015076}