{"number of nodes": 1000, "average degree": 254.725, "second momment of degree distribution": 204.762, "average shortest path lenght": 2.9724204204204203, "average clustering coefficient": 0.04370270923116981, "transitivity": 0.030275342381372812, "assortativity coefficient": -0.06275301165912853}