{"number of nodes": 1000, "average degree": 254.803, "second momment of degree distribution": 112.43000000000002, "average shortest path lenght": 3.240784784784785, "average clustering coefficient": 0.007705887713937247, "transitivity": 0.00832649231851765, "assortativity coefficient": 0.01578320421120595}