{"number of nodes": 1000, "average degree": 254.75, "second momment of degree distribution": 100.1, "average shortest path lenght": 8.62726926926927, "average clustering coefficient": 0.647613636363633, "transitivity": 0.6462819089900111, "assortativity coefficient": 0.004975124378092215}