{"number of nodes": 1000, "average degree": 254.725, "second momment of degree distribution": 206.052, "average shortest path lenght": 2.968964964964965, "average clustering coefficient": 0.0428580665875137, "transitivity": 0.029862010586327523, "assortativity coefficient": -0.07067826164693727}