{"number of nodes": 1000, "average degree": 254.739, "second momment of degree distribution": 109.57800000000002, "average shortest path lenght": 3.2579319319319318, "average clustering coefficient": 0.007910994277480342, "transitivity": 0.00819277108433735, "assortativity coefficient": -0.021146220665369246}