{"number of nodes": 1000, "average degree": 254.75, "second momment of degree distribution": 100.10799999999999, "average shortest path lenght": 8.963945945945946, "average clustering coefficient": 0.6480471139971118, "transitivity": 0.6466906379011852, "assortativity coefficient": 0.002626540367282817}