{"number of nodes": 1000, "average degree": 254.725, "second momment of degree distribution": 213.916, "average shortest path lenght": 2.953217217217217, "average clustering coefficient": 0.04189207716631335, "transitivity": 0.02938725081631252, "assortativity coefficient": -0.07204480704247304}