{"number of nodes": 1000, "average degree": 254.693, "second momment of degree distribution": 107.47999999999999, "average shortest path lenght": 3.269783783783784, "average clustering coefficient": 0.009332553649443536, "transitivity": 0.009283357583458, "assortativity coefficient": 0.006243221351339288}