{"number of nodes": 1000, "average degree": 254.75, "second momment of degree distribution": 100.08600000000001, "average shortest path lenght": 9.366614614614615, "average clustering coefficient": 0.6485661616161579, "transitivity": 0.6475145971627112, "assortativity coefficient": -0.014826238937820284}