{"number of nodes": 1000, "average degree": 254.725, "second momment of degree distribution": 208.43, "average shortest path lenght": 2.9665525525525527, "average clustering coefficient": 0.0422581209915358, "transitivity": 0.028657799274486095, "assortativity coefficient": -0.07010517800372613}