{"number of nodes": 1000, "average degree": 254.757, "second momment of degree distribution": 110.60399999999998, "average shortest path lenght": 3.2564084084084084, "average clustering coefficient": 0.011513767641924197, "transitivity": 0.01103489412466448, "assortativity coefficient": 0.0008903065027478671}