{"number of nodes": 1000, "average degree": 254.75, "second momment of degree distribution": 100.108, "average shortest path lenght": 8.680028028028028, "average clustering coefficient": 0.6466206349206327, "transitivity": 0.6453589026501532, "assortativity coefficient": -0.018067301035598244}