{"number of nodes": 1000, "average degree": 254.725, "second momment of degree distribution": 205.836, "average shortest path lenght": 2.982684684684685, "average clustering coefficient": 0.04342073293708675, "transitivity": 0.032222823478962256, "assortativity coefficient": -0.04675035413930334}