{"number of nodes": 1000, "average degree": 254.783, "second momment of degree distribution": 110.91399999999999, "average shortest path lenght": 3.2503723723723725, "average clustering coefficient": 0.010399458110203165, "transitivity": 0.010292717753450737, "assortativity coefficient": -0.00876282925424178}