{"number of nodes": 1000, "average degree": 254.75, "second momment of degree distribution": 100.922, "average shortest path lenght": 4.497037037037037, "average clustering coefficient": 0.4976097125097125, "transitivity": 0.4879347132707156, "assortativity coefficient": 0.009552932309167985}