{"number of nodes": 1000, "average degree": 254.725, "second momment of degree distribution": 212.974, "average shortest path lenght": 2.9686706706706705, "average clustering coefficient": 0.04340514948190854, "transitivity": 0.033631491843328865, "assortativity coefficient": -0.040273017728881484}