{"number of nodes": 1000, "average degree": 254.855, "second momment of degree distribution": 114.67800000000001, "average shortest path lenght": 3.229267267267267, "average clustering coefficient": 0.00941493320061431, "transitivity": 0.009304284565608608, "assortativity coefficient": -0.01734119447279942}