{"number of nodes": 1000, "average degree": 254.75, "second momment of degree distribution": 100.092, "average shortest path lenght": 8.954614614614615, "average clustering coefficient": 0.6481321067821032, "transitivity": 0.6469386848998802, "assortativity coefficient": -0.007497533821234495}