{"number of nodes": 1000, "average degree": 254.725, "second momment of degree distribution": 197.012, "average shortest path lenght": 2.99568968968969, "average clustering coefficient": 0.03671861881116729, "transitivity": 0.0292523334509414, "assortativity coefficient": -0.041160098683728594}