{"number of nodes": 1000, "average degree": 254.687, "second momment of degree distribution": 107.956, "average shortest path lenght": 3.2735875875875875, "average clustering coefficient": 0.009674616857992816, "transitivity": 0.010277115066984768, "assortativity coefficient": 0.03265513618389831}