{"number of nodes": 1000, "average degree": 254.75, "second momment of degree distribution": 100.088, "average shortest path lenght": 9.134006006006006, "average clustering coefficient": 0.6501212121212075, "transitivity": 0.6488988544534233, "assortativity coefficient": -0.0008807750821738606}