{"number of nodes": 1000, "average degree": 254.725, "second momment of degree distribution": 216.098, "average shortest path lenght": 2.96182982982983, "average clustering coefficient": 0.04749931021631581, "transitivity": 0.03268525525350719, "assortativity coefficient": -0.058549300849443375}