{"number of nodes": 1000, "average degree": 254.745, "second momment of degree distribution": 109.85199999999999, "average shortest path lenght": 3.2593113113113112, "average clustering coefficient": 0.011004033754343348, "transitivity": 0.011115339168051911, "assortativity coefficient": -8.117444014708799e-05}