{"number of nodes": 1000, "average degree": 254.75, "second momment of degree distribution": 100.11200000000001, "average shortest path lenght": 8.5643003003003, "average clustering coefficient": 0.6461878787878744, "transitivity": 0.6446644176136364, "assortativity coefficient": -0.016938178603895588}