{"number of nodes": 1000, "average degree": 254.725, "second momment of degree distribution": 198.02, "average shortest path lenght": 2.9966526526526525, "average clustering coefficient": 0.03802595331376844, "transitivity": 0.030307864093156802, "assortativity coefficient": -0.05311934817844544}