{"number of nodes": 1000, "average degree": 254.792, "second momment of degree distribution": 112.088, "average shortest path lenght": 3.2447687687687687, "average clustering coefficient": 0.010839852278784168, "transitivity": 0.010293713972001097, "assortativity coefficient": 0.010165169959795732}