{"number of nodes": 1000, "average degree": 254.75, "second momment of degree distribution": 100.084, "average shortest path lenght": 9.628454454454454, "average clustering coefficient": 0.6512792929292897, "transitivity": 0.6501931530571466, "assortativity coefficient": 0.003897340382170023}