{"number of nodes": 1000, "average degree": 254.725, "second momment of degree distribution": 213.08000000000004, "average shortest path lenght": 2.9637517517517518, "average clustering coefficient": 0.044586878655817015, "transitivity": 0.030807857037365233, "assortativity coefficient": -0.06978692126570211}