{"number of nodes": 1000, "average degree": 254.681, "second momment of degree distribution": 107.338, "average shortest path lenght": 3.269067067067067, "average clustering coefficient": 0.009012534404020472, "transitivity": 0.008925273913578727, "assortativity coefficient": -0.02162896659735896}