{"number of nodes": 1000, "average degree": 254.75, "second momment of degree distribution": 100.09400000000001, "average shortest path lenght": 9.023075075075075, "average clustering coefficient": 0.648208369408366, "transitivity": 0.6470575177037317, "assortativity coefficient": -0.015848514625125532}