{"number of nodes": 1000, "average degree": 254.725, "second momment of degree distribution": 208.71800000000002, "average shortest path lenght": 2.969101101101101, "average clustering coefficient": 0.03840906023902006, "transitivity": 0.028737020043467763, "assortativity coefficient": -0.058474163390041516}