{"number of nodes": 1000, "average degree": 254.695, "second momment of degree distribution": 107.49199999999999, "average shortest path lenght": 3.2715775775775775, "average clustering coefficient": 0.010235438724464847, "transitivity": 0.010389131370258806, "assortativity coefficient": -0.008019306313489735}