{"number of nodes": 1000, "average degree": 254.75, "second momment of degree distribution": 100.116, "average shortest path lenght": 8.172388388388388, "average clustering coefficient": 0.6437030303030262, "transitivity": 0.6421057303919393, "assortativity coefficient": 0.0005590035796849439}