{"number of nodes": 1000, "average degree": 254.725, "second momment of degree distribution": 213.99, "average shortest path lenght": 2.9576156156156155, "average clustering coefficient": 0.044894054173029274, "transitivity": 0.03093511076259557, "assortativity coefficient": -0.06461016441518953}