{"number of nodes": 1000, "average degree": 254.853, "second momment of degree distribution": 113.916, "average shortest path lenght": 3.2301801801801804, "average clustering coefficient": 0.009833144640988901, "transitivity": 0.010355799826439109, "assortativity coefficient": 0.007028615904907505}