{"number of nodes": 1000, "average degree": 254.75, "second momment of degree distribution": 100.11400000000002, "average shortest path lenght": 8.399515515515516, "average clustering coefficient": 0.6449035353535316, "transitivity": 0.6432518809507957, "assortativity coefficient": -0.03607896004929331}