{"number of nodes": 1000, "average degree": 254.725, "second momment of degree distribution": 194.702, "average shortest path lenght": 2.996158158158158, "average clustering coefficient": 0.03747083331380576, "transitivity": 0.028254091971940763, "assortativity coefficient": -0.04766707666002015}