{"number of nodes": 1000, "average degree": 254.771, "second momment of degree distribution": 110.97, "average shortest path lenght": 3.2497937937937937, "average clustering coefficient": 0.009855749565192298, "transitivity": 0.009987317691819911, "assortativity coefficient": -0.0019096078201154111}