{"number of nodes": 1000, "average degree": 254.75, "second momment of degree distribution": 100.07400000000001, "average shortest path lenght": 10.129325325325325, "average clustering coefficient": 0.6511358585858544, "transitivity": 0.6502653373892577, "assortativity coefficient": -0.0034452521894354654}