{"number of nodes": 1000, "average degree": 254.725, "second momment of degree distribution": 202.392, "average shortest path lenght": 2.978316316316316, "average clustering coefficient": 0.03737217983681188, "transitivity": 0.029744026771702643, "assortativity coefficient": -0.04873950388264816}