{"number of nodes": 999, "average degree": 254.44194194194193, "second momment of degree distribution": 106.99099099099098, "average shortest path lenght": 3.273786812864969, "average clustering coefficient": 0.011020940793902614, "transitivity": 0.01051437996082878, "assortativity coefficient": 0.004505474417552858}