{"number of nodes": 1000, "average degree": 254.75, "second momment of degree distribution": 100.10600000000001, "average shortest path lenght": 8.468386386386387, "average clustering coefficient": 0.6459340548340516, "transitivity": 0.6443744034803454, "assortativity coefficient": 0.00273194460426929}