{"number of nodes": 1000, "average degree": 254.725, "second momment of degree distribution": 210.82999999999998, "average shortest path lenght": 2.961895895895896, "average clustering coefficient": 0.04306252390568176, "transitivity": 0.030615292712066904, "assortativity coefficient": -0.0628178601743668}