{"number of nodes": 1000, "average degree": 254.684, "second momment of degree distribution": 107.154, "average shortest path lenght": 3.269033033033033, "average clustering coefficient": 0.008730340056363068, "transitivity": 0.008572662047982238, "assortativity coefficient": -0.026685201026857938}