{"number of nodes": 1000, "average degree": 254.75, "second momment of degree distribution": 100.102, "average shortest path lenght": 8.821651651651651, "average clustering coefficient": 0.6474247474747441, "transitivity": 0.6461343810348272, "assortativity coefficient": 0.010692714132432788}