{"number of nodes": 1000, "average degree": 254.725, "second momment of degree distribution": 205.088, "average shortest path lenght": 2.9761441441441443, "average clustering coefficient": 0.03975989971742651, "transitivity": 0.03077821849152907, "assortativity coefficient": -0.04878266564365904}