{"number of nodes": 1000, "average degree": 254.74, "second momment of degree distribution": 109.46000000000004, "average shortest path lenght": 3.256144144144144, "average clustering coefficient": 0.009782351403326636, "transitivity": 0.009348612786489748, "assortativity coefficient": -0.029067183416593347}