{"number of nodes": 1000, "average degree": 254.75, "second momment of degree distribution": 100.972, "average shortest path lenght": 4.436484484484485, "average clustering coefficient": 0.4925815240315247, "transitivity": 0.4830497295871257, "assortativity coefficient": -0.01885615983690046}