{"number of nodes": 1000, "average degree": 254.725, "second momment of degree distribution": 197.578, "average shortest path lenght": 2.995229229229229, "average clustering coefficient": 0.03619543226139668, "transitivity": 0.02858848359519901, "assortativity coefficient": -0.054460833814766935}