{"number of nodes": 1000, "average degree": 254.677, "second momment of degree distribution": 106.70400000000001, "average shortest path lenght": 3.2757697697697696, "average clustering coefficient": 0.009009476463023374, "transitivity": 0.009168817759421787, "assortativity coefficient": 0.006808796373286933}