{"number of nodes": 1000, "average degree": 254.75, "second momment of degree distribution": 101.01200000000001, "average shortest path lenght": 4.413205205205205, "average clustering coefficient": 0.4900494616494615, "transitivity": 0.4813211444644662, "assortativity coefficient": -0.011312941277737283}