{"number of nodes": 1000, "average degree": 254.725, "second momment of degree distribution": 199.83, "average shortest path lenght": 2.9820760760760763, "average clustering coefficient": 0.03698327225615644, "transitivity": 0.027775437118179903, "assortativity coefficient": -0.07569154471575563}