{"number of nodes": 1000, "average degree": 254.898, "second momment of degree distribution": 115.44000000000001, "average shortest path lenght": 3.2224944944944944, "average clustering coefficient": 0.00922869627792229, "transitivity": 0.009586852316822643, "assortativity coefficient": -0.0021541035579223486}