{"number of nodes": 1000, "average degree": 254.75, "second momment of degree distribution": 101.01, "average shortest path lenght": 4.403193193193193, "average clustering coefficient": 0.48522267177267137, "transitivity": 0.4759916492693111, "assortativity coefficient": -0.009050766329709813}