{"number of nodes": 1000, "average degree": 254.725, "second momment of degree distribution": 207.088, "average shortest path lenght": 2.9677377377377376, "average clustering coefficient": 0.04263968420920052, "transitivity": 0.030405096937170917, "assortativity coefficient": -0.0679167455078013}