{"number of nodes": 1000, "average degree": 254.761, "second momment of degree distribution": 111.13799999999999, "average shortest path lenght": 3.2528668668668668, "average clustering coefficient": 0.010604824770459443, "transitivity": 0.010977491198227779, "assortativity coefficient": 0.006925213540383477}