{"number of nodes": 1000, "average degree": 254.75, "second momment of degree distribution": 100.95599999999999, "average shortest path lenght": 4.417221221221221, "average clustering coefficient": 0.4904790875790885, "transitivity": 0.48254100883943885, "assortativity coefficient": -0.014690844916000777}