{"number of nodes": 1000, "average degree": 254.725, "second momment of degree distribution": 202.124, "average shortest path lenght": 2.9808388388388387, "average clustering coefficient": 0.04082191267623633, "transitivity": 0.03012894564301102, "assortativity coefficient": -0.049985021530146896}