{"number of nodes": 1000, "average degree": 254.825, "second momment of degree distribution": 112.704, "average shortest path lenght": 3.239295295295295, "average clustering coefficient": 0.010500341930096958, "transitivity": 0.010531037307174756, "assortativity coefficient": -0.013377156891169285}