{"number of nodes": 1000, "average degree": 254.75, "second momment of degree distribution": 101.02, "average shortest path lenght": 4.413917917917918, "average clustering coefficient": 0.4885065656565668, "transitivity": 0.4787738958470666, "assortativity coefficient": -0.01975516395481452}