{"number of nodes": 1000, "average degree": 254.725, "second momment of degree distribution": 215.284, "average shortest path lenght": 2.9544184184184186, "average clustering coefficient": 0.04550880261815225, "transitivity": 0.030798601303242523, "assortativity coefficient": -0.07307888179959718}