{"number of nodes": 1000, "average degree": 254.715, "second momment of degree distribution": 108.458, "average shortest path lenght": 3.2643843843843845, "average clustering coefficient": 0.010570727131485644, "transitivity": 0.01071776550828191, "assortativity coefficient": 0.005915540187620557}