{"number of nodes": 1000, "average degree": 254.75, "second momment of degree distribution": 100.90800000000002, "average shortest path lenght": 4.421993993993994, "average clustering coefficient": 0.491116061716062, "transitivity": 0.4813437761253135, "assortativity coefficient": -0.01841312163909753}