{"number of nodes": 1000, "average degree": 254.725, "second momment of degree distribution": 203.73999999999998, "average shortest path lenght": 2.98370970970971, "average clustering coefficient": 0.04477660309455007, "transitivity": 0.03127096341400485, "assortativity coefficient": -0.06296766871986789}