{"number of nodes": 1000, "average degree": 254.768, "second momment of degree distribution": 110.798, "average shortest path lenght": 3.2506526526526525, "average clustering coefficient": 0.009765535883105546, "transitivity": 0.010063317520493838, "assortativity coefficient": 0.009362898087070094}