{"number of nodes": 1000, "average degree": 254.75, "second momment of degree distribution": 100.984, "average shortest path lenght": 4.40808008008008, "average clustering coefficient": 0.4854220834720836, "transitivity": 0.476325507781588, "assortativity coefficient": -0.002102497054466665}