{"number of nodes": 1000, "average degree": 254.725, "second momment of degree distribution": 206.034, "average shortest path lenght": 2.97392992992993, "average clustering coefficient": 0.04060741297730014, "transitivity": 0.030109544888925154, "assortativity coefficient": -0.06444801780074783}