{"number of nodes": 1000, "average degree": 254.705, "second momment of degree distribution": 108.54, "average shortest path lenght": 3.264922922922923, "average clustering coefficient": 0.009635333990055351, "transitivity": 0.009733346851870628, "assortativity coefficient": 0.02023692566901847}