{"number of nodes": 1000, "average degree": 254.75, "second momment of degree distribution": 100.92599999999999, "average shortest path lenght": 4.401305305305305, "average clustering coefficient": 0.48641199356199416, "transitivity": 0.47768515056199545, "assortativity coefficient": 0.012062041214345847}