{"number of nodes": {"mean": 999.9666666666667, "standart deviation": 0.17950549357115014}, "average degree": {"mean": 254.75116473139803, "standart deviation": 0.08116240286356077}, "second momment of degree distribution": {"mean": 110.33176636636638, "standart deviation": 2.3612002001859094}, "average shortest path lenght": {"mean": 3.2533784126143517, "standart deviation": 0.014437051982785236}, "average clustering coefficient": {"mean": 0.009901661319135446, "standart deviation": 0.0008592401347825557}, "transitivity": {"mean": 0.009883765206742275, "standart deviation": 0.0007661234170613564}, "assortativity coefficient": {"mean": -0.0026036776062625193, "standart deviation": 0.016299769599665018}}