{"number of nodes": {"mean": 1000.0, "standart deviation": 0.0}, "average degree": {"mean": 254.75, "standart deviation": 0.0}, "second momment of degree distribution": {"mean": 100.52566666666667, "standart deviation": 0.4288552462337609}, "average shortest path lenght": {"mean": 6.66054014014014, "standart deviation": 2.259303294561156}, "average clustering coefficient": {"mean": 0.5686773393273377, "standart deviation": 0.07906475269698494}, "transitivity": {"mean": 0.5635933119630002, "standart deviation": 0.08286826015135097}, "assortativity coefficient": {"mean": -0.008194947568713785, "standart deviation": 0.01171976501550597}}